Day,Date,Topic,Problem No,Problem,Platform,Difficulty,Pattern,Confidence
Day 1,22 Jun 2026,Mathematics for DSA,1,Counting Divisors,CSES,Easy,Sieve of Eratosthenes,
Day 1,22 Jun 2026,Mathematics for DSA,2,Sum of Divisors,CSES,Easy,Divisor enumeration,
Day 1,22 Jun 2026,Mathematics for DSA,3,Exponentiation,CSES,Easy,Fast Power (Binary Exponentiation),
Day 1,22 Jun 2026,Mathematics for DSA,4,Exponentiation II,CSES,Easy,Fast Power + Modular Arithmetic,
Day 1,22 Jun 2026,Mathematics for DSA,5,Binomial Coefficients,CSES,Easy,Modular inverse + nCr,
Day 2,23 Jun 2026,Mathematics for DSA,6,Creating Strings II,CSES,Medium,Combinatorics + Modular inverse,
Day 2,23 Jun 2026,Mathematics for DSA,7,Divisibility by 7,LeetCode,Easy,Modular Arithmetic,
Day 2,23 Jun 2026,Mathematics for DSA,8,Count Primes,LeetCode,Medium,Sieve of Eratosthenes,
Day 2,23 Jun 2026,Mathematics for DSA,9,Ugly Number II,LeetCode,Medium,Prime factorization + DP,
Day 2,23 Jun 2026,Mathematics for DSA,10,Super Pow,LeetCode,Medium,Fast Power + Modular arithmetic,
Day 3,24 Jun 2026,Mathematics for DSA,11,Factorial Trailing Zeroes,LeetCode,Easy,Prime factorization (count 5s),
Day 3,24 Jun 2026,Mathematics for DSA,12,GCD and LCM,GFG,Easy,Euclidean algorithm,
Day 3,24 Jun 2026,Mathematics for DSA,13,Nth Fibonacci Number (Matrix),GFG,Medium,Matrix exponentiation,
Day 3,24 Jun 2026,Mathematics for DSA,14,Coin Change (Math View),CF,Medium,Number theory insight,
Day 3,24 Jun 2026,Mathematics for DSA,15,Almost Prime,CF,Easy,Sieve application,
Day 4,25 Jun 2026,Mathematics for DSA,16,Square Root Decomposition Intro,CF,Medium,Sqrt decomposition,
Day 4,25 Jun 2026,Mathematics for DSA,17,A Lot of Games,CF,Medium,Game theory + Math,
Day 4,25 Jun 2026,Mathematics for DSA,18,Persistent Bookcase,CF,Medium,Mathematical simulation,
Day 4,25 Jun 2026,Mathematics for DSA,19,Number of Pairs,GFG,Easy,Combinatorics,
Day 4,25 Jun 2026,Mathematics for DSA,20,Catalan Number,GFG,Medium,Catalan + nCr, 
Day 4,25 Jun 2026,Mathematics for DSA,21,Prime Factorization,GFG,Medium,SPF Sieve,
Day 5,26 Jun 2026,Mathematics for DSA,22,Euler's Totient Function,GFG,Medium,Euler's Phi + Sieve,
Day 5,26 Jun 2026,Mathematics for DSA,23,Modular Multiplicative Inverse,GFG,Medium,Fermat's Little Theorem,
Day 5,26 Jun 2026,Mathematics for DSA,24,Chinese Remainder Theorem,GFG,Hard,CRT,
Day 5,26 Jun 2026,Mathematics for DSA,25,Magical Cow,CF,Medium,Simulation + Math,
Day 5,26 Jun 2026,Arrays,1,Running Sum of 1d Array,LeetCode,Easy,Prefix Sum,
Day 6,27 Jun 2026,Arrays,2,Find Pivot Index,LeetCode,Easy,Prefix Sum,
Day 6,27 Jun 2026,Arrays,3,Range Sum Query Immutable,LeetCode,Easy,Prefix Sum,
Day 6,27 Jun 2026,Arrays,4,Subarray Sum Equals K,LeetCode,Medium,Prefix Sum + HashMap,
Day 6,27 Jun 2026,Arrays,5,Continuous Subarray Sum,LeetCode,Medium,Prefix Sum mod + HashMap,
Day 6,27 Jun 2026,Arrays,6,Maximum Subarray,LeetCode,Medium,Kadane's Algorithm,
Day 7,28 Jun 2026,Arrays,7,Maximum Product Subarray,LeetCode,Medium,Kadane variant (track min and max),
Day 7,28 Jun 2026,Arrays,8,Best Time to Buy and Sell Stock,LeetCode,Easy,Kadane variant,
Day 7,28 Jun 2026,Arrays,9,Best Time to Buy II,LeetCode,Medium,Greedy,
Day 7,28 Jun 2026,Arrays,10,Container With Most Water,LeetCode,Medium,Two Pointers (opposite ends),
Day 7,28 Jun 2026,Arrays,11,Trapping Rain Water,LeetCode,Hard,Two Pointers / Monotonic Stack,
Day 7,28 Jun 2026,Arrays,12,3Sum,LeetCode,Medium,Two Pointers on sorted,
Day 8,29 Jun 2026,Arrays,13,4Sum,LeetCode,Medium,Two Pointers extension,
Day 8,29 Jun 2026,Arrays,14,Sort Colors,LeetCode,Medium,Dutch National Flag,
Day 8,29 Jun 2026,Arrays,15,Move Zeroes,LeetCode,Easy,Two Pointers (slow-fast),
Day 8,29 Jun 2026,Arrays,16,Remove Duplicates from Sorted Array,LeetCode,Easy,Two Pointers,
Day 8,29 Jun 2026,Arrays,17,Maximum Average Subarray I,LeetCode,Easy,Sliding Window (fixed),
Day 9,30 Jun 2026,Arrays,18,Longest Subarray of 1s After Deleting One Element,LeetCode,Medium,Sliding Window (variable),
Day 9,30 Jun 2026,Arrays,19,Minimum Size Subarray Sum,LeetCode,Medium,Sliding Window,
Day 9,30 Jun 2026,Arrays,20,Longest Substring Without Repeating,LeetCode,Medium,Sliding Window + HashMap,
Day 9,30 Jun 2026,Arrays,21,Fruit Into Baskets,LeetCode,Medium,Sliding Window (at most K distinct),
Day 9,30 Jun 2026,Arrays,22,Minimum Window Substring,LeetCode,Hard,Sliding Window (exact match),
Day 10,01 Jul 2026,Arrays,23,Sliding Window Maximum,LeetCode,Hard,Monotonic Deque,
Day 10,01 Jul 2026,Arrays,24,Next Greater Element I,LeetCode,Easy,Monotonic Stack,
Day 10,01 Jul 2026,Arrays,25,Daily Temperatures,LeetCode,Medium,Monotonic Stack,
Day 10,01 Jul 2026,Arrays,26,Largest Rectangle in Histogram,LeetCode,Hard,Monotonic Stack,
Day 10,01 Jul 2026,Arrays,27,Rotate Array,LeetCode,Medium,Reversal algorithm,
Day 11,02 Jul 2026,Arrays,28,Set Matrix Zeroes,LeetCode,Medium,In-place matrix,
Day 11,02 Jul 2026,Arrays,29,Rotate Image,LeetCode,Medium,In-place matrix rotation,
Day 11,02 Jul 2026,Arrays,30,Spiral Matrix,LeetCode,Medium,Matrix traversal,
Day 11,02 Jul 2026,Arrays,31,Search a 2D Matrix,LeetCode,Medium,Binary Search on matrix,
Day 11,02 Jul 2026,Arrays,32,Merge Intervals,LeetCode,Medium,Sorting + greedy,
Day 11,02 Jul 2026,Arrays,33,Insert Interval,LeetCode,Medium,Interval merge,
Day 12,03 Jul 2026,Arrays,34,Non Overlapping Intervals,LeetCode,Medium,Interval scheduling greedy,
Day 12,03 Jul 2026,Arrays,35,Product of Array Except Self,LeetCode,Medium,Prefix + Suffix product,
Day 12,03 Jul 2026,Arrays,36,Find All Numbers Disappeared in Array,LeetCode,Easy,Cyclic sort / Negation,
Day 12,03 Jul 2026,Arrays,37,First Missing Positive,LeetCode,Hard,Cyclic sort,
Day 12,03 Jul 2026,Arrays,38,Increasing Triplet Subsequence,LeetCode,Medium,Greedy tracking,
Day 13,04 Jul 2026,Arrays,39,Maximum Points on a Line,LeetCode,Hard,HashMap + GCD,
Day 13,04 Jul 2026,Arrays,40,Array with Left and Right Product,GFG,Medium,Prefix-Suffix product,
Day 13,04 Jul 2026,Arrays,41,Equilibrium Point,GFG,Easy,Prefix Sum,
Day 13,04 Jul 2026,Arrays,42,Static Range Sum Queries,CSES,Easy,Prefix Sum 1D,
Day 13,04 Jul 2026,Arrays,43,Forest Queries,CSES,Easy,Prefix Sum 2D,
Day 14,05 Jul 2026,Arrays,44,Ferris Wheel,CSES,Easy,Two Pointers (opposite ends),
Day 14,05 Jul 2026,Arrays,45,Subarray Divisibility,CSES,Medium,Prefix Sum mod,
Day 14,05 Jul 2026,Arrays,46,Maximum Building I,CSES,Medium,Monotonic approach,
Day 14,05 Jul 2026,Arrays,47,Towers,CF,Easy,Greedy + Sorting,
Day 14,05 Jul 2026,Arrays,48,Ternary String,CF,Easy,Sliding Window,
Day 14,05 Jul 2026,Arrays,49,Two Arrays and Sum of Functions,CF,Easy,Sorting insight,
Day 15,06 Jul 2026,Arrays,50,Add to Neighbour to Remove Odd,CF,Medium,Greedy,
Day 15,06 Jul 2026,Arrays,51,Balanced Array,CodeChef,Easy,Prefix Sum insight,
Day 15,06 Jul 2026,Arrays,52,Next Greater Element II,LeetCode,Medium,Monotonic Stack (circular),
Day 15,06 Jul 2026,Arrays,53,Sum of Subarray Minimums,LeetCode,Medium,Monotonic Stack contribution,
Day 15,06 Jul 2026,Arrays,54,Maximum Width Ramp,LeetCode,Medium,Monotonic Stack + sweep,
Day 16,07 Jul 2026,Arrays,55,Count Subarrays with Fixed Bounds,LeetCode,Hard,Sliding Window + monotonic tracking,
Day 16,07 Jul 2026,Linked List,1,Reverse Linked List,LeetCode,Easy,Iterative reversal,
Day 16,07 Jul 2026,Linked List,2,Reverse Linked List II,LeetCode,Medium,Partial reversal,
Day 16,07 Jul 2026,Linked List,3,Middle of Linked List,LeetCode,Easy,Slow-fast pointer,
Day 16,07 Jul 2026,Linked List,4,Linked List Cycle,LeetCode,Easy,Floyd's detection,
Day 17,08 Jul 2026,Linked List,5,Linked List Cycle II,LeetCode,Medium,Floyd's + math,
Day 17,08 Jul 2026,Linked List,6,Find Duplicate Number,LeetCode,Medium,Floyd's on implicit LL,
Day 17,08 Jul 2026,Linked List,7,Merge Two Sorted Lists,LeetCode,Easy,Merge (iterative),
Day 17,08 Jul 2026,Linked List,8,Merge K Sorted Lists,LeetCode,Hard,Min Heap / Divide & Conquer,
Day 17,08 Jul 2026,Linked List,9,Sort List,LeetCode,Medium,Merge Sort on LL,
Day 17,08 Jul 2026,Linked List,10,Remove Nth Node From End,LeetCode,Medium,Two Pointers (gap of N),
Day 18,09 Jul 2026,Linked List,11,Remove Duplicates from Sorted List,LeetCode,Easy,Single pass,
Day 18,09 Jul 2026,Linked List,12,Remove Duplicates from Sorted List II,LeetCode,Medium,Two pointer + dummy head,
Day 18,09 Jul 2026,Linked List,13,Palindrome Linked List,LeetCode,Easy,Find middle + reverse second half,
Day 18,09 Jul 2026,Linked List,14,Intersection of Two Linked Lists,LeetCode,Easy,Two pointer (length equalization),
Day 18,09 Jul 2026,Linked List,15,Reorder List,LeetCode,Medium,Find middle + reverse + merge,
Day 19,10 Jul 2026,Linked List,16,Copy List with Random Pointer,LeetCode,Medium,HashMap / Interweaving,
Day 19,10 Jul 2026,Linked List,17,Flatten a Multilevel Doubly Linked List,LeetCode,Medium,Recursion / Iterative stack,
Day 19,10 Jul 2026,Linked List,18,Rotate List,LeetCode,Medium,Find tail + reconnect,
Day 19,10 Jul 2026,Linked List,19,Swap Nodes in Pairs,LeetCode,Medium,Recursive / Iterative pointer manipulation,
Day 19,10 Jul 2026,Linked List,20,Reverse Nodes in k-Group,LeetCode,Hard,K-group reversal (recursive),
Day 20,11 Jul 2026,Linked List,21,Add Two Numbers,LeetCode,Medium,Simulation with carry,
Day 20,11 Jul 2026,Linked List,22,Add Two Numbers II,LeetCode,Medium,Stack-based,
Day 20,11 Jul 2026,Linked List,23,LRU Cache,LeetCode,Medium,HashMap + Doubly Linked List,
Day 20,11 Jul 2026,Linked List,24,LFU Cache,LeetCode,Hard,HashMap + DLL + frequency map,
Day 20,11 Jul 2026,Linked List,25,Design Linked List,LeetCode,Medium,Implementation,
Day 21,12 Jul 2026,Linked List,26,Linked List — Detect and Remove Cycle,GFG,Medium,Floyd's + removal,
Day 21,12 Jul 2026,Linked List,27,Segregate Even and Odd,GFG,Easy,Two-pointer partition,
Day 21,12 Jul 2026,Linked List,28,Merge Sort on Linked List,GFG,Medium,Divide & conquer on LL,
Day 21,12 Jul 2026,Linked List,29,Flatten Linked List,GFG,Medium,Merge + recursion,
Day 21,12 Jul 2026,Linked List,30,XOR Linked List,GFG,Hard,XOR pointers,
Day 21,12 Jul 2026,Stack,1,Valid Parentheses,LeetCode,Easy,Stack matching,
Day 22,13 Jul 2026,Stack,2,Min Stack,LeetCode,Easy,Stack with auxiliary min,
Day 22,13 Jul 2026,Stack,3,Evaluate Reverse Polish Notation,LeetCode,Medium,Stack-based evaluation,
Day 22,13 Jul 2026,Stack,4,Basic Calculator,LeetCode,Hard,Stack + sign tracking,
Day 22,13 Jul 2026,Stack,5,Basic Calculator II,LeetCode,Medium,Stack for operators,
Day 22,13 Jul 2026,Stack,6,Decode String,LeetCode,Medium,Stack-based nested parsing,
Day 23,14 Jul 2026,Stack,7,Daily Temperatures,LeetCode,Medium,Monotonic Stack (decreasing),
Day 23,14 Jul 2026,Stack,8,Next Greater Element I,LeetCode,Easy,Monotonic Stack,
Day 23,14 Jul 2026,Stack,9,Next Greater Element II,LeetCode,Medium,Monotonic Stack (circular),
Day 23,14 Jul 2026,Stack,10,Next Smaller Element,GFG,Medium,Monotonic Stack (increasing),
Day 23,14 Jul 2026,Stack,11,Previous Smaller Element,GFG,Medium,Monotonic Stack,
Day 24,15 Jul 2026,Stack,12,Largest Rectangle in Histogram,LeetCode,Hard,Mono Stack (left/right boundary),
Day 24,15 Jul 2026,Stack,13,Maximal Rectangle,LeetCode,Hard,Histogram per row,
Day 24,15 Jul 2026,Stack,14,Sum of Subarray Minimums,LeetCode,Medium,Mono Stack contribution,
Day 24,15 Jul 2026,Stack,15,132 Pattern,LeetCode,Medium,Monotonic Stack (from right),
Day 24,15 Jul 2026,Stack,16,Asteroid Collision,LeetCode,Medium,Stack simulation,
Day 24,15 Jul 2026,Stack,17,Remove K Digits,LeetCode,Medium,Monotonic Stack (greedy),
Day 25,16 Jul 2026,Stack,18,Largest Number,LeetCode,Medium,Custom sort,
Day 25,16 Jul 2026,Stack,19,Online Stock Span,LeetCode,Medium,Monotonic Stack (online),
Day 25,16 Jul 2026,Stack,20,Number of Visible People in Queue,LeetCode,Hard,Monotonic Stack,
Day 25,16 Jul 2026,Stack,21,Trapping Rain Water,LeetCode,Hard,Monotonic Stack / Two Pointers,
Day 25,16 Jul 2026,Stack,22,Car Fleet,LeetCode,Medium,Monotonic Stack (decreasing),
Day 26,17 Jul 2026,Stack,23,Flatten Nested List Iterator,LeetCode,Medium,Stack-based iteration,
Day 26,17 Jul 2026,Stack,24,Maximum Frequency Stack,LeetCode,Hard,Stack of stacks + freq map,
Day 26,17 Jul 2026,Stack,25,Design a Stack with Increment,LeetCode,Medium,Lazy increment,
Day 26,17 Jul 2026,Stack,26,The Stock Span Problem,GFG,Medium,Monotonic Stack,
Day 26,17 Jul 2026,Stack,27,Expression contains redundant bracket,GFG,Medium,Stack parsing,
Day 27,18 Jul 2026,Stack,28,Get Min from Stack,GFG,Easy,Auxiliary stack / encoded value,
Day 27,18 Jul 2026,Stack,29,Balanced Brackets,CSES,Easy,Stack matching,
Day 27,18 Jul 2026,Stack,30,Celebrity Problem,GFG,Medium,Stack-based elimination,
Day 27,18 Jul 2026,Stack,31,Maximum Element,HackerRank,Easy,Stack with auxiliary max,
Day 27,18 Jul 2026,Stack,32,Clues About the Ents,CF,Medium,Mono Stack application,
Day 28,19 Jul 2026,Stack,33,Reversing Phrases,CF,Easy,Stack for word reversal,
Day 28,19 Jul 2026,Stack,34,Maximum Width Ramp,LeetCode,Medium,Mono Stack (decreasing) + sweep,
Day 28,19 Jul 2026,Stack,35,Removing Stars from a String,LeetCode,Medium,Stack simulation,
Day 28,19 Jul 2026,"Queue, Deque, and Heap",1,Number of Islands,LeetCode,Medium,BFS / DFS on grid,
Day 28,19 Jul 2026,"Queue, Deque, and Heap",2,Rotting Oranges,LeetCode,Medium,Multi-source BFS,
Day 28,19 Jul 2026,"Queue, Deque, and Heap",3,01 Matrix,LeetCode,Medium,Multi-source BFS,
Day 29,20 Jul 2026,"Queue, Deque, and Heap",4,Shortest Path in Binary Matrix,LeetCode,Medium,BFS (shortest path unweighted),
Day 29,20 Jul 2026,"Queue, Deque, and Heap",5,Word Ladder,LeetCode,Hard,BFS on implicit graph,
Day 29,20 Jul 2026,"Queue, Deque, and Heap",6,Sliding Window Maximum,LeetCode,Hard,Monotonic Deque,
Day 29,20 Jul 2026,"Queue, Deque, and Heap",7,Jump Game VI,LeetCode,Medium,Monotonic Deque + DP,
Day 29,20 Jul 2026,"Queue, Deque, and Heap",8,Shortest Subarray with Sum at Least K,LeetCode,Hard,Monotonic Deque + prefix sum,
Day 30,21 Jul 2026,"Queue, Deque, and Heap",9,Design Circular Queue,LeetCode,Medium,Circular buffer,
Day 30,21 Jul 2026,"Queue, Deque, and Heap",10,Design Circular Deque,LeetCode,Medium,Circular deque implementation,
Day 30,21 Jul 2026,"Queue, Deque, and Heap",11,Kth Largest Element in Array,LeetCode,Medium,Min Heap of size K,
Day 30,21 Jul 2026,"Queue, Deque, and Heap",12,Kth Largest in Stream,LeetCode,Easy,Min Heap of size K (online),
Day 30,21 Jul 2026,"Queue, Deque, and Heap",13,K Closest Points to Origin,LeetCode,Medium,Max Heap of size K,
Day 31,22 Jul 2026,"Queue, Deque, and Heap",14,Top K Frequent Elements,LeetCode,Medium,Bucket sort / Heap,
Day 31,22 Jul 2026,"Queue, Deque, and Heap",15,Top K Frequent Words,LeetCode,Medium,Heap with custom comparator,
Day 31,22 Jul 2026,"Queue, Deque, and Heap",16,Find Median from Data Stream,LeetCode,Hard,Two Heaps (max + min),
Day 31,22 Jul 2026,"Queue, Deque, and Heap",17,Sliding Window Median,LeetCode,Hard,Two Heaps + lazy deletion,
Day 31,22 Jul 2026,"Queue, Deque, and Heap",18,IPO,LeetCode,Hard,Greedy + Two Heaps,
Day 31,22 Jul 2026,"Queue, Deque, and Heap",19,Task Scheduler,LeetCode,Medium,Greedy + Max Heap,
Day 32,23 Jul 2026,"Queue, Deque, and Heap",20,Reorganize String,LeetCode,Medium,Greedy + Max Heap,
Day 32,23 Jul 2026,"Queue, Deque, and Heap",21,Rearrange String k Distance Apart,LeetCode,Hard,Greedy + Max Heap + Queue,
Day 32,23 Jul 2026,"Queue, Deque, and Heap",22,Merge K Sorted Lists,LeetCode,Hard,Min Heap,
Day 32,23 Jul 2026,"Queue, Deque, and Heap",23,Smallest Range Covering K Lists,LeetCode,Hard,Min Heap + sliding window,
Day 32,23 Jul 2026,"Queue, Deque, and Heap",24,Ugly Number II,LeetCode,Medium,Min Heap / DP,
Day 33,24 Jul 2026,"Queue, Deque, and Heap",25,Super Ugly Number,LeetCode,Medium,Min Heap,
Day 33,24 Jul 2026,"Queue, Deque, and Heap",26,Minimum Cost to Connect Sticks,LeetCode,Medium,Min Heap (Huffman),
Day 33,24 Jul 2026,"Queue, Deque, and Heap",27,Minimum Number of Refueling Stops,LeetCode,Hard,Max Heap + greedy,
Day 33,24 Jul 2026,"Queue, Deque, and Heap",28,Trap Rain Water II,LeetCode,Hard,Min Heap BFS,
Day 33,24 Jul 2026,"Queue, Deque, and Heap",29,Maximum Performance of a Team,LeetCode,Hard,Sort + Min Heap,
Day 34,25 Jul 2026,"Queue, Deque, and Heap",30,Heap Sort,GFG,Medium,Heap sort implementation,
Day 34,25 Jul 2026,"Queue, Deque, and Heap",31,K-th Largest Sum Contiguous Subarray,GFG,Hard,Min Heap,
Day 34,25 Jul 2026,"Queue, Deque, and Heap",32,Median of Stream,GFG,Hard,Two Heaps,
Day 34,25 Jul 2026,"Queue, Deque, and Heap",33,BFS From Multiple Sources,GFG,Easy,Multi-source BFS,
Day 34,25 Jul 2026,"Queue, Deque, and Heap",34,0-1 BFS,CF,Medium,0-1 BFS (deque),
Day 34,25 Jul 2026,"Queue, Deque, and Heap",35,SSSP Dijkstra,CSES,Medium,Dijkstra + priority queue,
Day 35,26 Jul 2026,"Queue, Deque, and Heap",36,Shortest Routes II (Floyd),CSES,Medium,Floyd-Warshall,
Day 35,26 Jul 2026,"Queue, Deque, and Heap",37,High Score,CSES,Medium,Bellman-Ford,
Day 35,26 Jul 2026,"Queue, Deque, and Heap",38,Flight Discount,CSES,Medium,Dijkstra variant,
Day 35,26 Jul 2026,"Queue, Deque, and Heap",39,Cycle Finding,CSES,Medium,Bellman-Ford cycle detection,
Day 35,26 Jul 2026,"Queue, Deque, and Heap",40,Shortest Path Grid BFS,CSES,Easy,BFS on grid,
Day 36,27 Jul 2026,"Queue, Deque, and Heap",41,Message Route,CSES,Easy,BFS path reconstruction,
Day 36,27 Jul 2026,"Queue, Deque, and Heap",42,Labyrinth,CSES,Easy,BFS on grid with path,
Day 36,27 Jul 2026,"Queue, Deque, and Heap",43,Monsters,CSES,Medium,Multi-source BFS,
Day 36,27 Jul 2026,"Queue, Deque, and Heap",44,Stock Price Fluctuation,LeetCode,Medium,Two Heaps + HashMap,
Day 36,27 Jul 2026,"Queue, Deque, and Heap",45,Maximum Subsequence Score,LeetCode,Medium,Sort + Min Heap,
Day 37,28 Jul 2026,"Queue, Deque, and Heap",46,Seat Reservation Manager,LeetCode,Medium,Min Heap,
Day 37,28 Jul 2026,"Queue, Deque, and Heap",47,Distant Barcodes,LeetCode,Medium,Greedy + Max Heap,
Day 37,28 Jul 2026,"Queue, Deque, and Heap",48,Process Tasks Using Servers,LeetCode,Medium,Two Min Heaps,
Day 37,28 Jul 2026,"Queue, Deque, and Heap",49,Jump Game VIII,LeetCode,Medium,Mono Deque + DP,
Day 37,28 Jul 2026,"Queue, Deque, and Heap",50,Buying and Selling Stocks (Heap),CF,Hard,Heap greedy,
Day 38,29 Jul 2026,Recursion and Backtracking,1,Reverse String,LeetCode,Easy,Basic recursion,
Day 38,29 Jul 2026,Recursion and Backtracking,2,Power of Two,LeetCode,Easy,Recursive reduction,
Day 38,29 Jul 2026,Recursion and Backtracking,3,Fibonacci Number,LeetCode,Easy,Basic recursion + memoization intro,
Day 38,29 Jul 2026,Recursion and Backtracking,4,Climbing Stairs,LeetCode,Easy,Recursion → DP,
Day 38,29 Jul 2026,Recursion and Backtracking,5,Subsets,LeetCode,Medium,Backtracking (include/exclude),
Day 38,29 Jul 2026,Recursion and Backtracking,6,Subsets II,LeetCode,Medium,Backtracking with duplicates,
Day 39,30 Jul 2026,Recursion and Backtracking,7,Permutations,LeetCode,Medium,Backtracking (swap),
Day 39,30 Jul 2026,Recursion and Backtracking,8,Permutations II,LeetCode,Medium,Backtracking with used[],
Day 39,30 Jul 2026,Recursion and Backtracking,9,Combinations,LeetCode,Medium,Backtracking (choose K),
Day 39,30 Jul 2026,Recursion and Backtracking,10,Combination Sum,LeetCode,Medium,Backtracking (unlimited use),
Day 39,30 Jul 2026,Recursion and Backtracking,11,Combination Sum II,LeetCode,Medium,"Backtracking (used once, duplicates)",
Day 40,31 Jul 2026,Recursion and Backtracking,12,Combination Sum III,LeetCode,Medium,Backtracking (k numbers sum to n),
Day 40,31 Jul 2026,Recursion and Backtracking,13,Letter Combinations of Phone Number,LeetCode,Medium,Backtracking (decision tree),
Day 40,31 Jul 2026,Recursion and Backtracking,14,Generate Parentheses,LeetCode,Medium,Backtracking (open/close count),
Day 40,31 Jul 2026,Recursion and Backtracking,15,Word Search,LeetCode,Medium,Backtracking on grid,
Day 40,31 Jul 2026,Recursion and Backtracking,16,Word Search II,LeetCode,Hard,Backtracking + Trie,
Day 41,01 Aug 2026,Recursion and Backtracking,17,N-Queens,LeetCode,Hard,Backtracking (constraint propagation),
Day 41,01 Aug 2026,Recursion and Backtracking,18,N-Queens II,LeetCode,Hard,Backtracking count,
Day 41,01 Aug 2026,Recursion and Backtracking,19,Sudoku Solver,LeetCode,Hard,Backtracking (exact cover),
Day 41,01 Aug 2026,Recursion and Backtracking,20,Restore IP Addresses,LeetCode,Medium,Backtracking (segmentation),
Day 41,01 Aug 2026,Recursion and Backtracking,21,Palindrome Partitioning,LeetCode,Medium,Backtracking + palindrome check,
Day 41,01 Aug 2026,Recursion and Backtracking,22,Palindrome Partitioning II,LeetCode,Hard,Backtracking → DP optimization,
Day 42,02 Aug 2026,Recursion and Backtracking,23,Beautiful Arrangement,LeetCode,Medium,Backtracking with pruning,
Day 42,02 Aug 2026,Recursion and Backtracking,24,Matchsticks to Square,LeetCode,Medium,Backtracking (partition into K equal),
Day 42,02 Aug 2026,Recursion and Backtracking,25,Partition to K Equal Sum Subsets,LeetCode,Medium,Backtracking (bitmask optimization),
Day 42,02 Aug 2026,Recursion and Backtracking,26,Robot Room Cleaner,LeetCode,Hard,Backtracking (blind grid exploration),
Day 42,02 Aug 2026,Recursion and Backtracking,27,Remove Invalid Parentheses,LeetCode,Hard,BFS / Backtracking,
Day 43,03 Aug 2026,Recursion and Backtracking,28,Expression Add Operators,LeetCode,Hard,Backtracking (expression tree),
Day 43,03 Aug 2026,Recursion and Backtracking,29,Count Good Numbers,LeetCode,Medium,Math + fast power,
Day 43,03 Aug 2026,Recursion and Backtracking,30,Flip Game II,LeetCode,Medium,Game theory backtracking,
Day 43,03 Aug 2026,Recursion and Backtracking,31,Rat in a Maze,GFG,Medium,Backtracking on grid,
Day 43,03 Aug 2026,Recursion and Backtracking,32,M-Coloring Problem,GFG,Medium,Backtracking (graph coloring),
Day 44,04 Aug 2026,Recursion and Backtracking,33,Hamiltonian Path,GFG,Hard,Backtracking + visited[],
Day 44,04 Aug 2026,Recursion and Backtracking,34,Tiling Problem,GFG,Easy,Recursion → DP,
Day 44,04 Aug 2026,Recursion and Backtracking,35,Tower of Hanoi,GFG,Easy,Classic recursion,
Day 44,04 Aug 2026,Recursion and Backtracking,36,All permutations of String,GFG,Medium,Backtracking,
Day 44,04 Aug 2026,Recursion and Backtracking,37,Power Set,GFG,Easy,Bitmasking / Recursion,
Day 45,05 Aug 2026,Recursion and Backtracking,38,Permutation with Spaces,GFG,Easy,Backtracking,
Day 45,05 Aug 2026,Recursion and Backtracking,39,Chessboard and Queens,CSES,Medium,N-Queens style backtracking,
Day 45,05 Aug 2026,Recursion and Backtracking,40,Grid Paths (Backtracking),CSES,Medium,Backtracking with pruning,
Day 45,05 Aug 2026,Recursion and Backtracking,41,Creating Strings,CSES,Medium,Backtracking / permutation,
Day 45,05 Aug 2026,Recursion and Backtracking,42,Apple Division,CSES,Easy,Recursion (subset sum),
Day 45,05 Aug 2026,Recursion and Backtracking,43,Two Sets,CSES,Easy,Partition check,
Day 46,06 Aug 2026,Recursion and Backtracking,44,Josephus Problem I,CSES,Easy,Recursion,
Day 46,06 Aug 2026,Recursion and Backtracking,45,Dice Combinations,CSES,Easy,Recursion → DP,
Day 46,06 Aug 2026,Recursion and Backtracking,46,Letter Substitution,CF,Easy,Permutation backtracking,
Day 46,06 Aug 2026,Recursion and Backtracking,47,k-Permutations,CF,Medium,Backtracking + pruning,
Day 46,06 Aug 2026,Recursion and Backtracking,48,Xenia and Tree (Recursion Component),CF,Hard,Heavy recursion,
Day 47,07 Aug 2026,Recursion and Backtracking,49,Zuma (DP/Backtracking),CF,Medium,Interval backtracking → DP,
Day 47,07 Aug 2026,Recursion and Backtracking,50,Backtracking Practice: All Paths in DAG,GFG,Medium,Backtracking on graph,
Day 47,07 Aug 2026,Recursion and Backtracking,51,Count All Paths,GFG,Medium,Tree recursion,
Day 47,07 Aug 2026,Recursion and Backtracking,52,Combination Sum IV,LeetCode,Medium,Recursion → DP (order matters),
Day 47,07 Aug 2026,Recursion and Backtracking,53,Flip String to Monotone Increasing,LeetCode,Medium,DP / Recursion,
Day 48,08 Aug 2026,Recursion and Backtracking,54,Generalized Abbreviation,LeetCode,Medium,Backtracking,
Day 48,08 Aug 2026,Recursion and Backtracking,55,Factor Combinations,LeetCode,Medium,Backtracking (factor tree),
Day 48,08 Aug 2026,Binary Search,1,Binary Search,LeetCode,Easy,Classical binary search,
Day 48,08 Aug 2026,Binary Search,2,Search Insert Position,LeetCode,Easy,Lower bound,
Day 48,08 Aug 2026,Binary Search,3,First Bad Version,LeetCode,Easy,BS on monotone predicate,
Day 48,08 Aug 2026,Binary Search,4,Sqrt(x),LeetCode,Easy,BS on answer (integer),
Day 49,09 Aug 2026,Binary Search,5,Guess Number Higher or Lower,LeetCode,Easy,Classical BS,
Day 49,09 Aug 2026,Binary Search,6,Search in Rotated Sorted Array,LeetCode,Medium,Rotated array BS,
Day 49,09 Aug 2026,Binary Search,7,Search in Rotated Sorted Array II,LeetCode,Medium,Rotated array BS (duplicates),
Day 49,09 Aug 2026,Binary Search,8,Find Minimum in Rotated Sorted Array,LeetCode,Medium,Pivot finding,
Day 49,09 Aug 2026,Binary Search,9,Find Minimum in Rotated Sorted Array II,LeetCode,Hard,Pivot finding (duplicates),
Day 50,10 Aug 2026,Binary Search,10,Find Peak Element,LeetCode,Medium,BS on unimodal function,
Day 50,10 Aug 2026,Binary Search,11,Find First and Last Position,LeetCode,Medium,Lower + Upper bound,
Day 50,10 Aug 2026,Binary Search,12,Count of Range Sum,LeetCode,Hard,BS + Merge Sort,
Day 50,10 Aug 2026,Binary Search,13,Koko Eating Bananas,LeetCode,Medium,BS on answer,
Day 50,10 Aug 2026,Binary Search,14,Minimum Speed to Arrive on Time,LeetCode,Medium,BS on answer,
Day 51,11 Aug 2026,Binary Search,15,Capacity to Ship Packages,LeetCode,Medium,BS on answer,
Day 51,11 Aug 2026,Binary Search,16,Split Array Largest Sum,LeetCode,Hard,BS on answer,
Day 51,11 Aug 2026,Binary Search,17,Aggressive Cows,GFG,Medium,BS on answer (maximize min distance),
Day 51,11 Aug 2026,Binary Search,18,Allocate Minimum Number of Pages,GFG,Medium,BS on answer (minimize max),
Day 51,11 Aug 2026,Binary Search,19,Weighted Job Scheduling,GFG,Hard,BS + DP,
Day 51,11 Aug 2026,Binary Search,20,Median of Two Sorted Arrays,LeetCode,Hard,BS on partition,
Day 52,12 Aug 2026,Binary Search,21,Find K-th Smallest in Sorted Matrix,LeetCode,Medium,BS on answer,
Day 52,12 Aug 2026,Binary Search,22,Kth Smallest Prime Fraction,LeetCode,Medium,BS on real value,
Day 52,12 Aug 2026,Binary Search,23,Swim in Rising Water,LeetCode,Hard,BS on answer + BFS,
Day 52,12 Aug 2026,Binary Search,24,Maximum Number of Removable Characters,LeetCode,Medium,BS on answer,
Day 52,12 Aug 2026,Binary Search,25,Minimize Max Distance to Gas Station,LeetCode,Hard,BS on real value,
Day 53,13 Aug 2026,Binary Search,26,Smallest Rectangle Enclosing Black Pixels,LeetCode,Hard,BS on 2D,
Day 53,13 Aug 2026,Binary Search,27,Find in Mountain Array,LeetCode,Hard,BS on bitonic array,
Day 53,13 Aug 2026,Binary Search,28,Magnetic Force Between Two Balls,LeetCode,Medium,BS on answer (maximize min),
Day 53,13 Aug 2026,Binary Search,29,Minimum Limit of Balls in a Bag,LeetCode,Medium,BS on answer,
Day 53,13 Aug 2026,Binary Search,30,Maximum Tastiness of Candy Basket,LeetCode,Medium,BS on answer,
Day 54,14 Aug 2026,Binary Search,31,Cutting Ribbons,LeetCode,Medium,BS on answer,
Day 54,14 Aug 2026,Binary Search,32,Plateau,CSES,Easy,Lower/upper bound,
Day 54,14 Aug 2026,Binary Search,33,Factories,CSES,Medium,Multi-source BFS + BS,
Day 54,14 Aug 2026,Binary Search,34,Maximum Subarray Sum,CSES,Medium,BS on prefix sums,
Day 54,14 Aug 2026,Binary Search,35,Room Allocation,CSES,Medium,Greedy + BS,
Day 55,15 Aug 2026,Binary Search,36,Movie Festival,CSES,Medium,Greedy + sorting,
Day 55,15 Aug 2026,Binary Search,37,Tasks and Deadlines,CSES,Medium,Greedy + sorting,
Day 55,15 Aug 2026,Binary Search,38,Parallel Binary Search,CF,Hard,Parallel BS,
Day 55,15 Aug 2026,Binary Search,39,Randomize,CF,Medium,BS on sorted array,
Day 55,15 Aug 2026,Binary Search,40,Round House,CF,Easy,BS application,
Day 55,15 Aug 2026,Binary Search,41,Prepare for Exam,CF,Easy,BS,
Day 56,16 Aug 2026,Binary Search,42,Pie (Real-value BS),CF,Medium,BS on real numbers,
Day 56,16 Aug 2026,Binary Search,43,Chef and Dishes,CodeChef,Medium,BS on answer,
Day 56,16 Aug 2026,Binary Search,44,Count Negatives in Sorted Matrix,LeetCode,Easy,BS per row,
Day 56,16 Aug 2026,Binary Search,45,H-Index II,LeetCode,Medium,BS on sorted array,
Day 56,16 Aug 2026,Trees,1,Binary Tree Inorder Traversal,LeetCode,Easy,Iterative inorder,
Day 57,17 Aug 2026,Trees,2,Binary Tree Preorder Traversal,LeetCode,Easy,Iterative preorder,
Day 57,17 Aug 2026,Trees,3,Binary Tree Level Order Traversal,LeetCode,Medium,BFS on tree,
Day 57,17 Aug 2026,Trees,4,Binary Tree Zigzag Level Order,LeetCode,Medium,BFS + direction flag,
Day 57,17 Aug 2026,Trees,5,Maximum Depth of Binary Tree,LeetCode,Easy,DFS (height),
Day 57,17 Aug 2026,Trees,6,Balanced Binary Tree,LeetCode,Easy,DFS bottom-up,
Day 58,18 Aug 2026,Trees,7,Diameter of Binary Tree,LeetCode,Easy,DFS (diameter = max left height + right height),
Day 58,18 Aug 2026,Trees,8,Path Sum,LeetCode,Easy,DFS root-to-leaf,
Day 58,18 Aug 2026,Trees,9,Path Sum II,LeetCode,Medium,DFS + backtracking,
Day 58,18 Aug 2026,Trees,10,Binary Tree Maximum Path Sum,LeetCode,Hard,DFS (max gain from each node),
Day 58,18 Aug 2026,Trees,11,Sum Root to Leaf Numbers,LeetCode,Medium,DFS path accumulation,
Day 58,18 Aug 2026,Trees,12,Lowest Common Ancestor,LeetCode,Medium,Recursive LCA,
Day 59,19 Aug 2026,Trees,13,LCA of Deepest Leaves,LeetCode,Medium,LCA variant,
Day 59,19 Aug 2026,Trees,14,Symmetric Tree,LeetCode,Easy,Mirror comparison,
Day 59,19 Aug 2026,Trees,15,Invert Binary Tree,LeetCode,Easy,Recursive swap,
Day 59,19 Aug 2026,Trees,16,Flatten Binary Tree to Linked List,LeetCode,Medium,Morris traversal / DFS,
Day 59,19 Aug 2026,Trees,17,Construct Binary Tree from Preorder+Inorder,LeetCode,Medium,Divide by root,
Day 60,20 Aug 2026,Trees,18,Construct Binary Tree from Inorder+Postorder,LeetCode,Medium,Divide by root,
Day 60,20 Aug 2026,Trees,19,Serialize and Deserialize Binary Tree,LeetCode,Hard,BFS/DFS encoding,
Day 60,20 Aug 2026,Trees,20,Binary Tree Right Side View,LeetCode,Medium,BFS (last of each level),
Day 60,20 Aug 2026,Trees,21,Count Complete Tree Nodes,LeetCode,Easy,BS on height,
Day 60,20 Aug 2026,Trees,22,All Nodes Distance K,LeetCode,Medium,Convert to graph + BFS,
Day 61,21 Aug 2026,Trees,23,Time to Burn Tree,GFG,Hard,Multi-source BFS on tree,
Day 61,21 Aug 2026,Trees,24,Vertical Order Traversal,LeetCode,Hard,BFS + sorted map,
Day 61,21 Aug 2026,Trees,25,Boundary Traversal,GFG,Medium,Multi-phase DFS,
Day 61,21 Aug 2026,Trees,26,Tree DP: Tree Diameter,CSES,Easy,Tree DP,
Day 61,21 Aug 2026,Trees,27,Tree DP: Finding Paths,CSES,Medium,Tree DP,
Day 62,22 Aug 2026,Trees,28,Tree DP: Tree Matching,CSES,Medium,Tree DP (matching),
Day 62,22 Aug 2026,Trees,29,Tree DP: Tree Independence,CSES,Hard,Tree DP (max independent set),
Day 62,22 Aug 2026,Trees,30,Tree DP: Tree Employers,CSES,Hard,Tree DP re-rooting,
Day 62,22 Aug 2026,Trees,31,Subtree Sizes,CSES,Medium,DFS subtree size,
Day 62,22 Aug 2026,Trees,32,Euler Tour on Tree,CSES,Medium,Euler tour + DFS order,
Day 62,22 Aug 2026,Trees,33,Sum over Subtrees,CSES,Medium,Tree DFS + sums,
Day 63,23 Aug 2026,Trees,34,Maximum Independent Set on Tree,GFG,Hard,Tree DP,
Day 63,23 Aug 2026,Trees,35,Binary Tree Cameras,LeetCode,Hard,Tree DP (3-state),
Day 63,23 Aug 2026,Trees,36,House Robber III,LeetCode,Medium,Tree DP,
Day 63,23 Aug 2026,Trees,37,Distribute Coins in Binary Tree,LeetCode,Medium,DFS with excess tracking,
Day 63,23 Aug 2026,Trees,38,Maximum Width of Binary Tree,LeetCode,Medium,BFS with indexed nodes,
Day 64,24 Aug 2026,Trees,39,Morris Traversal,GFG,Hard,O(1) space inorder,
Day 64,24 Aug 2026,Trees,40,Good Nodes in Binary Tree,LeetCode,Medium,DFS with max tracking,
Day 64,24 Aug 2026,Binary Search Tree,1,Search in BST,LeetCode,Easy,BST search,
Day 64,24 Aug 2026,Binary Search Tree,2,Insert into BST,LeetCode,Medium,BST insert,
Day 64,24 Aug 2026,Binary Search Tree,3,Delete Node in BST,LeetCode,Medium,BST delete (successor/predecessor),
Day 65,25 Aug 2026,Binary Search Tree,4,Validate Binary Search Tree,LeetCode,Medium,BST validation (range check),
Day 65,25 Aug 2026,Binary Search Tree,5,Kth Smallest in BST,LeetCode,Medium,Inorder = sorted,
Day 65,25 Aug 2026,Binary Search Tree,6,BST to Greater Sum Tree,LeetCode,Medium,Reverse inorder accumulation,
Day 65,25 Aug 2026,Binary Search Tree,7,Recover Binary Search Tree,LeetCode,Medium,Inorder + swap two elements,
Day 65,25 Aug 2026,Binary Search Tree,8,Unique BSTs,LeetCode,Medium,Catalan number,
Day 65,25 Aug 2026,Binary Search Tree,9,Unique BSTs II,LeetCode,Medium,DP + BST generation,
Day 66,26 Aug 2026,Binary Search Tree,10,Convert Sorted Array to BST,LeetCode,Easy,Divide and conquer,
Day 66,26 Aug 2026,Binary Search Tree,11,Lowest Common Ancestor of BST,LeetCode,Medium,BST LCA (path direction),
Day 66,26 Aug 2026,Binary Search Tree,12,Two Sum IV BST,LeetCode,Easy,Inorder + two pointers,
Day 66,26 Aug 2026,Binary Search Tree,13,Inorder Successor in BST,LeetCode,Medium,BST successor,
Day 66,26 Aug 2026,Binary Search Tree,14,Flatten BST to Sorted List,GFG,Medium,Inorder threading,
Day 67,27 Aug 2026,Binary Search Tree,15,Merge Two BSTs,GFG,Medium,Inorder + merge,
Day 67,27 Aug 2026,Binary Search Tree,16,Largest BST Subtree,LeetCode,Medium,Tree DP with BST check,
Day 67,27 Aug 2026,Binary Search Tree,17,Count BST Nodes in Range,GFG,Easy,BST range traversal,
Day 67,27 Aug 2026,Binary Search Tree,18,Floor and Ceil in BST,GFG,Medium,BST search variant,
Day 67,27 Aug 2026,Binary Search Tree,19,Balance a BST,LeetCode,Medium,Inorder + rebuild,
Day 68,28 Aug 2026,Binary Search Tree,20,Range Sum of BST,LeetCode,Easy,BST range DFS,
Day 68,28 Aug 2026,Trie,1,Implement Trie,LeetCode,Medium,Trie implementation,
Day 68,28 Aug 2026,Trie,2,Add and Search Word,LeetCode,Medium,Trie + wildcard DFS,
Day 68,28 Aug 2026,Trie,3,Word Search II,LeetCode,Hard,Trie + backtracking,
Day 68,28 Aug 2026,Trie,4,Replace Words,LeetCode,Medium,Trie prefix search,
Day 68,28 Aug 2026,Trie,5,Longest Word in Dictionary,LeetCode,Medium,Trie BFS,
Day 69,29 Aug 2026,Trie,6,Search Suggestions System,LeetCode,Medium,Trie + sorted children,
Day 69,29 Aug 2026,Trie,7,Maximum XOR of Two Numbers,LeetCode,Medium,XOR Trie,
Day 69,29 Aug 2026,Trie,8,Maximum XOR with Element from Array,LeetCode,Hard,XOR Trie + offline sorting,
Day 69,29 Aug 2026,Trie,9,Count Pairs with XOR in Range,LeetCode,Hard,XOR Trie,
Day 69,29 Aug 2026,Trie,10,Short Encoding of Words,LeetCode,Medium,Trie (reverse words),
Day 70,30 Aug 2026,Trie,11,Palindrome Pairs,LeetCode,Hard,Trie + palindrome check,
Day 70,30 Aug 2026,Trie,12,Word Break II,LeetCode,Hard,Trie + memoized backtracking,
Day 70,30 Aug 2026,Trie,13,Trie — Insert and Search,GFG,Easy,Trie basics,
Day 70,30 Aug 2026,Trie,14,Trie — Delete,GFG,Medium,Trie deletion,
Day 70,30 Aug 2026,Trie,15,Phone Directory,GFG,Medium,Trie prefix + DFS collect,
Day 71,31 Aug 2026,Segment Tree,1,Range Sum Query Mutable,LeetCode,Medium,Segment Tree point update + range sum,
Day 71,31 Aug 2026,Segment Tree,2,Range Minimum Query,GFG,Medium,Segment Tree RMQ,
Day 71,31 Aug 2026,Segment Tree,3,Static Range Minimum Queries,CSES,Easy,Sparse table / Seg tree RMQ,
Day 71,31 Aug 2026,Segment Tree,4,Dynamic Range Sum Queries,CSES,Easy,Seg tree point update sum,
Day 71,31 Aug 2026,Segment Tree,5,Dynamic Range Minimum Queries,CSES,Easy,Seg tree point update min,
Day 72,01 Sep 2026,Segment Tree,6,Range Update Range Query (Lazy),CSES,Medium,Lazy propagation,
Day 72,01 Sep 2026,Segment Tree,7,Segment Tree: Range GCD,GFG,Medium,Seg tree with GCD,
Day 72,01 Sep 2026,Segment Tree,8,Count of Range Sum,LeetCode,Hard,Merge sort / Seg tree,
Day 72,01 Sep 2026,Segment Tree,9,Rectangle Area II,LeetCode,Hard,Coordinate compression + Seg tree,
Day 72,01 Sep 2026,Segment Tree,10,Hotel Queries (BIT),CSES,Medium,Binary Indexed Tree / Seg tree,
Day 72,01 Sep 2026,Segment Tree,11,Josephus Queries,CSES,Medium,Seg tree simulation,
Day 73,02 Sep 2026,Segment Tree,12,Forest Queries II,CSES,Hard,2D segment tree,
Day 73,02 Sep 2026,Segment Tree,13,Polynomial Queries (Lazy),CSES,Hard,Lazy propagation,
Day 73,02 Sep 2026,Segment Tree,14,XOR Queries of a Subarray,LeetCode,Medium,Prefix XOR (Seg tree warm-up),
Day 73,02 Sep 2026,Segment Tree,15,Falling Squares,LeetCode,Hard,Segment tree with lazy max,
Day 73,02 Sep 2026,Graphs,1,Number of Islands,LeetCode,Medium,DFS/BFS on grid,
Day 74,03 Sep 2026,Graphs,2,Max Area of Island,LeetCode,Medium,DFS on grid,
Day 74,03 Sep 2026,Graphs,3,Pacific Atlantic Water Flow,LeetCode,Medium,Multi-source BFS from boundaries,
Day 74,03 Sep 2026,Graphs,4,Surrounded Regions,LeetCode,Medium,DFS from boundary,
Day 74,03 Sep 2026,Graphs,5,Clone Graph,LeetCode,Medium,BFS/DFS + HashMap,
Day 74,03 Sep 2026,Graphs,6,Number of Connected Components,LeetCode,Medium,DSU / BFS,
Day 75,04 Sep 2026,Graphs,7,Redundant Connection,LeetCode,Medium,DSU cycle detection,
Day 75,04 Sep 2026,Graphs,8,Accounts Merge,LeetCode,Medium,DSU on strings,
Day 75,04 Sep 2026,Graphs,9,Smallest String with Swaps,LeetCode,Medium,DSU + sort components,
Day 75,04 Sep 2026,Graphs,10,Making a Large Island,LeetCode,Hard,DSU on grid,
Day 75,04 Sep 2026,Graphs,11,Number of Provinces,LeetCode,Medium,DSU / DFS,
Day 75,04 Sep 2026,Graphs,12,Graph Valid Tree,LeetCode,Medium,DSU / BFS tree check,
Day 76,05 Sep 2026,Graphs,13,Course Schedule,LeetCode,Medium,Topological sort (cycle detect),
Day 76,05 Sep 2026,Graphs,14,Course Schedule II,LeetCode,Medium,Topological sort (Kahn's),
Day 76,05 Sep 2026,Graphs,15,Alien Dictionary,LeetCode,Hard,Topological sort on chars,
Day 76,05 Sep 2026,Graphs,16,Sequence Reconstruction,LeetCode,Medium,Topological sort (unique order check),
Day 76,05 Sep 2026,Graphs,17,Find Eventual Safe States,LeetCode,Medium,Topological sort / DFS coloring,
Day 77,06 Sep 2026,Graphs,18,Longest Path in DAG,GFG,Medium,Topo sort + DP on DAG,
Day 77,06 Sep 2026,Graphs,19,Network Delay Time,LeetCode,Medium,Dijkstra (SSSP),
Day 77,06 Sep 2026,Graphs,20,Cheapest Flights Within K Stops,LeetCode,Medium,Bellman-Ford / modified Dijkstra,
Day 77,06 Sep 2026,Graphs,21,Path with Minimum Effort,LeetCode,Medium,Dijkstra on grid,
Day 77,06 Sep 2026,Graphs,22,Path with Maximum Probability,LeetCode,Medium,Dijkstra (max probability),
Day 78,07 Sep 2026,Graphs,23,The Maze II,LeetCode,Medium,Dijkstra on maze,
Day 78,07 Sep 2026,Graphs,24,Minimum Cost Path,GFG,Medium,Dijkstra / DP,
Day 78,07 Sep 2026,Graphs,25,SSSP — Dijkstra,CSES,Medium,Dijkstra,
Day 78,07 Sep 2026,Graphs,26,SSSP — Bellman-Ford,CSES,Medium,Bellman-Ford,
Day 78,07 Sep 2026,Graphs,27,SSSP — Floyd-Warshall,CSES,Medium,Floyd-Warshall,
Day 79,08 Sep 2026,Graphs,28,Minimum Spanning Tree — Kruskal,CSES,Medium,Kruskal + DSU,
Day 79,08 Sep 2026,Graphs,29,Minimum Spanning Tree — Prim,CSES,Medium,Prim's algorithm,
Day 79,08 Sep 2026,Graphs,30,Road Reparation,CSES,Medium,MST,
Day 79,08 Sep 2026,Graphs,31,Distinct Routes,CSES,Hard,Max flow,
Day 79,08 Sep 2026,Graphs,32,Download Speed,CSES,Medium,Max flow (BFS-based Ford-Fulkerson),
Day 79,08 Sep 2026,Graphs,33,Bipartite Check,CSES,Easy,BFS 2-coloring,
Day 80,09 Sep 2026,Graphs,34,Is Graph Bipartite,LeetCode,Medium,BFS 2-coloring,
Day 80,09 Sep 2026,Graphs,35,Possible Bipartition,LeetCode,Medium,Bipartite check,
Day 80,09 Sep 2026,Graphs,36,Building Roads (MST),CSES,Easy,MST on components,
Day 80,09 Sep 2026,Graphs,37,Building Teams (Bipartite),CSES,Easy,Bipartite check,
Day 80,09 Sep 2026,Graphs,38,Message Route (BFS),CSES,Easy,BFS shortest path,
Day 81,10 Sep 2026,Graphs,39,Labyrinth (BFS on Grid),CSES,Easy,BFS grid,
Day 81,10 Sep 2026,Graphs,40,Monsters (Multi-source BFS),CSES,Medium,Multi-source BFS,
Day 81,10 Sep 2026,Graphs,41,Flight Routes (K shortest paths),CSES,Hard,Modified Dijkstra,
Day 81,10 Sep 2026,Graphs,42,Flight Discount,CSES,Medium,Dijkstra with state,
Day 81,10 Sep 2026,Graphs,43,Cycle Finding (Bellman-Ford),CSES,Medium,Bellman-Ford neg cycle,
Day 82,11 Sep 2026,Graphs,44,High Score (Longest path),CSES,Medium,Bellman-Ford variant,
Day 82,11 Sep 2026,Graphs,45,Investigation,CSES,Hard,Dijkstra + count paths,
Day 82,11 Sep 2026,Graphs,46,Planets Queries I,CSES,Medium,Binary lifting,
Day 82,11 Sep 2026,Graphs,47,Planets Queries II,CSES,Medium,Binary lifting on functional graph,
Day 82,11 Sep 2026,Graphs,48,Road Construction (DSU),CSES,Easy,DSU online,
Day 82,11 Sep 2026,Graphs,49,SCC — Kosaraju,GFG,Hard,Kosaraju's SCC,
Day 83,12 Sep 2026,Graphs,50,SCC — Tarjan,GFG,Hard,Tarjan's SCC,
Day 83,12 Sep 2026,Graphs,51,Critical Connections in Network,LeetCode,Hard,Tarjan bridges,
Day 83,12 Sep 2026,Graphs,52,Articulation Points,GFG,Hard,Tarjan articulation points,
Day 83,12 Sep 2026,Graphs,53,Strongly Connected Components,CSES,Hard,Kosaraju,
Day 83,12 Sep 2026,Graphs,54,Planet Cycles,CSES,Medium,Functional graph cycles,
Day 84,13 Sep 2026,Graphs,55,Coin Collector (SCC + DAG DP),CSES,Hard,SCC condensation + DAG DP,
Day 84,13 Sep 2026,Graphs,56,School Dance (Bipartite Matching),CSES,Hard,Bipartite max matching,
Day 84,13 Sep 2026,Graphs,57,Hamiltonian Flights (DP on graphs),CSES,Hard,Bitmask DP on graph,
Day 84,13 Sep 2026,Graphs,58,Giant Pizza (2-SAT),CSES,Hard,2-SAT,
Day 84,13 Sep 2026,Graphs,59,Word Ladder,LeetCode,Hard,BFS on implicit graph,
Day 85,14 Sep 2026,Graphs,60,Bus Routes,LeetCode,Hard,BFS on route graph,
Day 85,14 Sep 2026,Graphs,61,Minimum Vertices to Reach All Nodes,LeetCode,Medium,Topological insight (0 in-degree),
Day 85,14 Sep 2026,Graphs,62,Jump Game IV,LeetCode,Hard,BFS on implicit graph,
Day 85,14 Sep 2026,Graphs,63,Shortest Path Visiting All Nodes,LeetCode,Hard,BFS + bitmask,
Day 85,14 Sep 2026,Graphs,64,Reconstruct Itinerary,LeetCode,Hard,Eulerian path (Hierholzer),
Day 85,14 Sep 2026,Graphs,65,Evaluate Division,LeetCode,Medium,BFS on weighted graph,
Day 86,15 Sep 2026,Graphs,66,Similar String Groups,LeetCode,Hard,DSU on implicit graph,
Day 86,15 Sep 2026,Graphs,67,Number of Ways to Arrive at Destination,LeetCode,Medium,Dijkstra + count,
Day 86,15 Sep 2026,Graphs,68,Minimum Cost to Make All Points Connected,LeetCode,Medium,Prim's on complete graph,
Day 86,15 Sep 2026,Graphs,69,Find Critical and Pseudo-Critical Edges,LeetCode,Hard,MST + edge analysis,
Day 86,15 Sep 2026,Graphs,70,Swim in Rising Water,LeetCode,Hard,Dijkstra / BS + BFS,
Day 87,16 Sep 2026,Graphs,71,Shortest Bridge,LeetCode,Medium,DFS + Multi-source BFS,
Day 87,16 Sep 2026,Graphs,72,Cut Off Trees for Golf Event,LeetCode,Hard,BFS with priority ordering,
Day 87,16 Sep 2026,Graphs,73,Codeforces: Roads and Friends,CF,Hard,Graph + BFS layer analysis,
Day 87,16 Sep 2026,Graphs,74,Codeforces: Berland Roads,CF,Hard,Graph orientation + flow,
Day 87,16 Sep 2026,Graphs,75,Codeforces: Tourist,CF,Medium,Topological order + DP,
Day 88,17 Sep 2026,Graphs,76,Codeforces: New Year Transportation,CF,Easy,DFS/BFS,
Day 88,17 Sep 2026,Graphs,77,Codeforces: Dijkstra (easy),CF,Easy,Dijkstra,
Day 88,17 Sep 2026,Graphs,78,Codeforces: Ants (MST),CF,Medium,MST,
Day 88,17 Sep 2026,Graphs,79,Codeforces: Ticket to Ride,CF,Hard,Max flow / matching,
Day 88,17 Sep 2026,Graphs,80,Codeforces: Wormhole,CF,Medium,DSU online,
Day 89,18 Sep 2026,Graphs,81,Codeforces: Cave,CF,Hard,BFS/DFS advanced,
Day 89,18 Sep 2026,Graphs,82,LCA — Binary Lifting,CSES,Medium,Binary lifting LCA,
Day 89,18 Sep 2026,Graphs,83,Path Queries (HLD intro),CSES,Hard,Heavy Light Decomposition,
Day 89,18 Sep 2026,Graphs,84,Tree Distances I (re-rooting),CSES,Medium,Tree re-rooting DP,
Day 89,18 Sep 2026,Graphs,85,Tree Distances II (re-rooting),CSES,Hard,Tree re-rooting DP,
Day 89,18 Sep 2026,Greedy,1,Assign Cookies,LeetCode,Easy,Greedy match (sort both),
Day 90,19 Sep 2026,Greedy,2,Lemonade Change,LeetCode,Easy,Greedy simulation,
Day 90,19 Sep 2026,Greedy,3,Jump Game,LeetCode,Medium,Greedy max reach,
Day 90,19 Sep 2026,Greedy,4,Jump Game II,LeetCode,Medium,Greedy BFS-like,
Day 90,19 Sep 2026,Greedy,5,Jump Game VII,LeetCode,Medium,Greedy + sliding window,
Day 90,19 Sep 2026,Greedy,6,Gas Station,LeetCode,Medium,"Greedy (circular, start candidate)",
Day 91,20 Sep 2026,Greedy,7,Candy,LeetCode,Hard,Greedy two-pass,
Day 91,20 Sep 2026,Greedy,8,Partition Labels,LeetCode,Medium,Greedy (last occurrence),
Day 91,20 Sep 2026,Greedy,9,Non-Overlapping Intervals,LeetCode,Medium,Interval scheduling (sort by end),
Day 91,20 Sep 2026,Greedy,10,Minimum Number of Arrows to Burst Balloons,LeetCode,Medium,Interval scheduling,
Day 91,20 Sep 2026,Greedy,11,Meeting Rooms II,LeetCode,Medium,Greedy + heap / sweep,
Day 92,21 Sep 2026,Greedy,12,Task Scheduler,LeetCode,Medium,Greedy + max heap,
Day 92,21 Sep 2026,Greedy,13,Reorganize String,LeetCode,Medium,Greedy + max heap,
Day 92,21 Sep 2026,Greedy,14,Minimum Cost to Hire K Workers,LeetCode,Hard,Greedy sort + min heap,
Day 92,21 Sep 2026,Greedy,15,IPO,LeetCode,Hard,Greedy + two heaps,
Day 92,21 Sep 2026,Greedy,16,Largest Number,LeetCode,Medium,Custom comparator,
Day 92,21 Sep 2026,Greedy,17,Remove K Digits,LeetCode,Medium,Greedy + monotonic stack,
Day 93,22 Sep 2026,Greedy,18,Wiggle Subsequence,LeetCode,Medium,Greedy peak-valley,
Day 93,22 Sep 2026,Greedy,19,Best Time to Buy and Sell Stock II,LeetCode,Medium,Greedy (collect every profit),
Day 93,22 Sep 2026,Greedy,20,Two City Scheduling,LeetCode,Medium,Greedy sort by cost difference,
Day 93,22 Sep 2026,Greedy,21,Minimum Operations to Reduce X,LeetCode,Medium,Greedy equivalent (sliding window),
Day 93,22 Sep 2026,Greedy,22,Boats to Save People,LeetCode,Medium,Greedy two pointers,
Day 94,23 Sep 2026,Greedy,23,Advantage Shuffle,LeetCode,Medium,Greedy match (sort + two pointer),
Day 94,23 Sep 2026,Greedy,24,Maximum Units on a Truck,LeetCode,Easy,Greedy sort by density,
Day 94,23 Sep 2026,Greedy,25,Minimum Deletions to Make Character Frequencies Unique,LeetCode,Medium,Greedy freq reduction,
Day 94,23 Sep 2026,Greedy,26,Minimum Number of Swaps to Make String Balanced,LeetCode,Medium,Greedy stack count,
Day 94,23 Sep 2026,Greedy,27,Activity Selection,GFG,Easy,Interval scheduling (classic),
Day 95,24 Sep 2026,Greedy,28,Huffman Encoding,GFG,Hard,Huffman + min heap,
Day 95,24 Sep 2026,Greedy,29,Minimum Platforms,GFG,Medium,Sort arrival + departure,
Day 95,24 Sep 2026,Greedy,30,N Meetings in One Room,GFG,Easy,Interval scheduling,
Day 95,24 Sep 2026,Greedy,31,Job Sequencing,GFG,Medium,Greedy + DSU,
Day 95,24 Sep 2026,Greedy,32,Tasks and Deadlines,CSES,Medium,Greedy sort by deadline,
Day 96,25 Sep 2026,Greedy,33,Movie Festival,CSES,Easy,Interval scheduling,
Day 96,25 Sep 2026,Greedy,34,Room Allocation,CSES,Medium,Sweep + greedy,
Day 96,25 Sep 2026,Greedy,35,Coin Piles,CF,Easy,Greedy math,
Day 96,25 Sep 2026,Greedy,36,Greed Codeforces,CF,Easy,Greedy sort,
Day 96,25 Sep 2026,Greedy,37,Greedy Supermarket,CF,Medium,Greedy + scheduling,
Day 96,25 Sep 2026,Greedy,38,Chef and Candies,CodeChef,Easy,Greedy redistribution,
Day 97,26 Sep 2026,Greedy,39,Find Permutation,LeetCode,Medium,Greedy reversal,
Day 97,26 Sep 2026,Greedy,40,Increasing Triplet Subsequence,LeetCode,Medium,Greedy two-variable tracking,
Day 97,26 Sep 2026,Dynamic Programming,1,Climbing Stairs,LeetCode,Easy,1D DP Fibonacci,
Day 97,26 Sep 2026,Dynamic Programming,2,House Robber,LeetCode,Easy,1D DP no-adjacent,
Day 97,26 Sep 2026,Dynamic Programming,3,House Robber II,LeetCode,Medium,1D DP circular,
Day 98,27 Sep 2026,Dynamic Programming,4,Decode Ways,LeetCode,Medium,1D DP string,
Day 98,27 Sep 2026,Dynamic Programming,5,Min Cost Climbing Stairs,LeetCode,Easy,1D DP,
Day 98,27 Sep 2026,Dynamic Programming,6,Coin Change,LeetCode,Medium,Unbounded Knapsack,
Day 98,27 Sep 2026,Dynamic Programming,7,Coin Change II,LeetCode,Medium,Unbounded Knapsack count,
Day 98,27 Sep 2026,Dynamic Programming,8,Number of Dice Rolls with Target Sum,LeetCode,Medium,1D DP bounded,
Day 99,28 Sep 2026,Dynamic Programming,9,Perfect Squares,LeetCode,Medium,Unbounded Knapsack,
Day 99,28 Sep 2026,Dynamic Programming,10,Dice Combinations,CSES,Easy,1D DP,
Day 99,28 Sep 2026,Dynamic Programming,11,Minimizing Coins,CSES,Easy,Coin Change,
Day 99,28 Sep 2026,Dynamic Programming,12,Coin Combinations I,CSES,Easy,Unbounded Knapsack,
Day 99,28 Sep 2026,Dynamic Programming,13,Coin Combinations II,CSES,Easy,Bounded Knapsack (order matters),
Day 99,28 Sep 2026,Dynamic Programming,14,0/1 Knapsack,GFG,Medium,0/1 Knapsack,
Day 100,29 Sep 2026,Dynamic Programming,15,Partition Equal Subset Sum,LeetCode,Medium,0/1 Knapsack (subset sum),
Day 100,29 Sep 2026,Dynamic Programming,16,Target Sum,LeetCode,Medium,0/1 Knapsack (assign sign),
Day 100,29 Sep 2026,Dynamic Programming,17,Last Stone Weight II,LeetCode,Medium,0/1 Knapsack minimize diff,
Day 100,29 Sep 2026,Dynamic Programming,18,Ones and Zeroes,LeetCode,Medium,2D Knapsack,
Day 100,29 Sep 2026,Dynamic Programming,19,Profit Maximization Knapsack,GFG,Medium,Fractional (greedy),
Day 101,30 Sep 2026,Dynamic Programming,20,Unbounded Knapsack,GFG,Medium,Unbounded Knapsack,
Day 101,30 Sep 2026,Dynamic Programming,21,Removing Boxes,LeetCode,Hard,Interval DP + Knapsack,
Day 101,30 Sep 2026,Dynamic Programming,22,Knapsack with Constraints,CSES,Medium,0/1 Knapsack,
Day 101,30 Sep 2026,Dynamic Programming,23,Unique Paths,LeetCode,Medium,2D DP grid,
Day 101,30 Sep 2026,Dynamic Programming,24,Unique Paths II,LeetCode,Medium,2D DP with obstacles,
Day 102,01 Oct 2026,Dynamic Programming,25,Minimum Path Sum,LeetCode,Medium,2D DP (min path),
Day 102,01 Oct 2026,Dynamic Programming,26,Triangle,LeetCode,Medium,2D DP (bottom-up triangle),
Day 102,01 Oct 2026,Dynamic Programming,27,Dungeon Game,LeetCode,Hard,2D DP (backward),
Day 102,01 Oct 2026,Dynamic Programming,28,Maximal Square,LeetCode,Medium,2D DP (extend square),
Day 102,01 Oct 2026,Dynamic Programming,29,Cherry Pickup,LeetCode,Hard,2D DP (two agents),
Day 102,01 Oct 2026,Dynamic Programming,30,Cherry Pickup II,LeetCode,Hard,3D DP (two robots),
Day 103,02 Oct 2026,Dynamic Programming,31,Grid Paths,CSES,Medium,2D DP with obstacles,
Day 103,02 Oct 2026,Dynamic Programming,32,Longest Common Subsequence,LeetCode,Medium,LCS,
Day 103,02 Oct 2026,Dynamic Programming,33,Edit Distance,LeetCode,Hard,Edit distance DP,
Day 103,02 Oct 2026,Dynamic Programming,34,Longest Palindromic Subsequence,LeetCode,Medium,"LCS(s, reverse(s))",
Day 103,02 Oct 2026,Dynamic Programming,35,Longest Palindromic Substring,LeetCode,Medium,Expand center / DP,
Day 104,03 Oct 2026,Dynamic Programming,36,Palindromic Substrings,LeetCode,Medium,Expand center / DP count,
Day 104,03 Oct 2026,Dynamic Programming,37,Minimum Insertion Steps to Make Palindrome,LeetCode,Hard,LCS based,
Day 104,03 Oct 2026,Dynamic Programming,38,Shortest Common Supersequence,LeetCode,Hard,LCS + reconstruction,
Day 104,03 Oct 2026,Dynamic Programming,39,Interleaving String,LeetCode,Medium,2D DP string,
Day 104,03 Oct 2026,Dynamic Programming,40,Distinct Subsequences,LeetCode,Hard,DP counting,
Day 105,04 Oct 2026,Dynamic Programming,41,Longest Increasing Subsequence,LeetCode,Medium,LIS (DP + BS O(n log n)),
Day 105,04 Oct 2026,Dynamic Programming,42,Number of LIS,LeetCode,Medium,LIS count,
Day 105,04 Oct 2026,Dynamic Programming,43,Russian Doll Envelopes,LeetCode,Hard,2D LIS,
Day 105,04 Oct 2026,Dynamic Programming,44,Increasing Triplet Subsequence,LeetCode,Medium,Greedy LIS length ≥ 3,
Day 105,04 Oct 2026,Dynamic Programming,45,Longest String Chain,LeetCode,Medium,LIS on strings,
Day 106,05 Oct 2026,Dynamic Programming,46,Longest Common Subsequence (CSES),CSES,Medium,LCS,
Day 106,05 Oct 2026,Dynamic Programming,47,Edit Distance (CSES),CSES,Medium,Edit distance,
Day 106,05 Oct 2026,Dynamic Programming,48,Word Break,LeetCode,Medium,DP segmentation,
Day 106,05 Oct 2026,Dynamic Programming,49,Concatenated Words,LeetCode,Hard,DP + Trie,
Day 106,05 Oct 2026,Dynamic Programming,50,Burst Balloons,LeetCode,Hard,Interval DP,
Day 106,05 Oct 2026,Dynamic Programming,51,Matrix Chain Multiplication,GFG,Hard,Interval DP,
Day 107,06 Oct 2026,Dynamic Programming,52,Minimum Cost Tree from Leaf Values,LeetCode,Medium,Interval DP / Greedy,
Day 107,06 Oct 2026,Dynamic Programming,53,Strange Printer,LeetCode,Hard,Interval DP,
Day 107,06 Oct 2026,Dynamic Programming,54,Palindrome Partitioning II,LeetCode,Hard,Interval DP (min cuts),
Day 107,06 Oct 2026,Dynamic Programming,55,Arithmetic Slices II,LeetCode,Hard,DP with hashmap,
Day 107,06 Oct 2026,Dynamic Programming,56,Remove Boxes,LeetCode,Hard,Interval DP (state extension),
Day 108,07 Oct 2026,Dynamic Programming,57,Minimum Interval to Include Query,LeetCode,Hard,Sort + Heap,
Day 108,07 Oct 2026,Dynamic Programming,58,Best Time to Buy and Sell Stock III,LeetCode,Hard,State machine DP (at most 2 txn),
Day 108,07 Oct 2026,Dynamic Programming,59,Best Time to Buy and Sell Stock IV,LeetCode,Hard,State machine DP (at most K txn),
Day 108,07 Oct 2026,Dynamic Programming,60,Best Time with Cooldown,LeetCode,Medium,State machine DP,
Day 108,07 Oct 2026,Dynamic Programming,61,Best Time with Transaction Fee,LeetCode,Medium,State machine DP,
Day 109,08 Oct 2026,Dynamic Programming,62,Partition Array into Two Arrays to Minimize Sum Difference,LeetCode,Hard,Bitmask / Meet in middle,
Day 109,08 Oct 2026,Dynamic Programming,63,Shortest Path Visiting All Nodes,LeetCode,Hard,BFS + bitmask,
Day 109,08 Oct 2026,Dynamic Programming,64,Hamiltonian Flights,CSES,Hard,Bitmask DP Hamiltonian,
Day 109,08 Oct 2026,Dynamic Programming,65,Count Ways to Assign Unique Cap,GFG,Hard,Bitmask DP assignment,
Day 109,08 Oct 2026,Dynamic Programming,66,Maximum AND Sum of Array,LeetCode,Hard,Bitmask DP matching,
Day 109,08 Oct 2026,Dynamic Programming,67,Minimum XOR Sum of Two Arrays,LeetCode,Hard,Bitmask DP assignment,
Day 110,09 Oct 2026,Dynamic Programming,68,Stickers to Spell Word,LeetCode,Hard,Bitmask DP,
Day 110,09 Oct 2026,Dynamic Programming,69,Count Numbers with Unique Digits,LeetCode,Medium,Digit DP intro,
Day 110,09 Oct 2026,Dynamic Programming,70,Numbers at Most N Given Digit Set,LeetCode,Hard,Digit DP,
Day 110,09 Oct 2026,Dynamic Programming,71,Non-negative Integers without Consecutive Ones,LeetCode,Hard,Digit DP,
Day 110,09 Oct 2026,Dynamic Programming,72,Count Special Integers,LeetCode,Hard,Digit DP,
Day 111,10 Oct 2026,Dynamic Programming,73,Digit DP (CSES),CSES,Hard,Digit DP,
Day 111,10 Oct 2026,Dynamic Programming,74,House Robber III,LeetCode,Medium,Tree DP (2-state),
Day 111,10 Oct 2026,Dynamic Programming,75,Binary Tree Cameras,LeetCode,Hard,Tree DP (3-state),
Day 111,10 Oct 2026,Dynamic Programming,76,Distribute Coins in Binary Tree,LeetCode,Medium,Tree DFS with accumulation,
Day 111,10 Oct 2026,Dynamic Programming,77,Tree DP — Tree Matching,CSES,Medium,Tree DP matching,
Day 112,11 Oct 2026,Dynamic Programming,78,Tree DP — Tree Independence,CSES,Hard,Tree DP max independent set,
Day 112,11 Oct 2026,Dynamic Programming,79,Tree DP — Tree Employers,CSES,Hard,Tree DP re-rooting,
Day 112,11 Oct 2026,Dynamic Programming,80,Tree Distances I,CSES,Medium,Re-rooting,
Day 112,11 Oct 2026,Dynamic Programming,81,Tree Distances II,CSES,Hard,Re-rooting all roots,
Day 112,11 Oct 2026,Dynamic Programming,82,Longest Arithmetic Subsequence,LeetCode,Medium,DP with hashmap,
Day 113,12 Oct 2026,Dynamic Programming,83,Maximum Profit in Job Scheduling,LeetCode,Hard,Sort + DP + BS,
Day 113,12 Oct 2026,Dynamic Programming,84,Minimum Difficulty of Job Schedule,LeetCode,Hard,Interval DP,
Day 113,12 Oct 2026,Dynamic Programming,85,Paint House,LeetCode,Medium,2D DP (state),
Day 113,12 Oct 2026,Dynamic Programming,86,Paint House II,LeetCode,Hard,2D DP (K colors),
Day 113,12 Oct 2026,Dynamic Programming,87,Minimum Falling Path Sum,LeetCode,Medium,2D DP,
Day 113,12 Oct 2026,Dynamic Programming,88,Minimum Falling Path Sum II,LeetCode,Hard,2D DP (non-same column),
Day 114,13 Oct 2026,Dynamic Programming,89,Count Vowels Permutation,LeetCode,Hard,DP state transitions,
Day 114,13 Oct 2026,Dynamic Programming,90,Domino and Tromino Tiling,LeetCode,Medium,DP with state,
Day 114,13 Oct 2026,Dynamic Programming,91,Knight Dialer,LeetCode,Medium,DP on graph,
Day 114,13 Oct 2026,Dynamic Programming,92,Number of Ways to Stay in Same Place,LeetCode,Hard,2D DP,
Day 114,13 Oct 2026,Dynamic Programming,93,Frog Jump,LeetCode,Hard,DP with set,
Day 115,14 Oct 2026,Dynamic Programming,94,Jump Game III,LeetCode,Medium,BFS / DFS,
Day 115,14 Oct 2026,Dynamic Programming,95,Tallest Billboard,LeetCode,Hard,DP difference state,
Day 115,14 Oct 2026,Dynamic Programming,96,Maximum Height by Stacking Cuboids,LeetCode,Hard,Sort + LIS,
Day 115,14 Oct 2026,Dynamic Programming,97,Reducing Dishes,LeetCode,Hard,Greedy / Suffix DP,
Day 115,14 Oct 2026,Dynamic Programming,98,CSES: Coin Piles,CSES,Medium,DP,
Day 116,15 Oct 2026,Dynamic Programming,99,CSES: Removal Game,CSES,Medium,Interval DP,
Day 116,15 Oct 2026,Dynamic Programming,100,CSES: Book Shop,CSES,Medium,0/1 Knapsack,
Day 116,15 Oct 2026,Dynamic Programming,101,CSES: Array Description,CSES,Medium,DP with constraints,
Day 116,15 Oct 2026,Dynamic Programming,102,CSES: Money Sums,CSES,Medium,0/1 Knapsack (set form),
Day 116,15 Oct 2026,Dynamic Programming,103,CSES: Projects,CSES,Hard,Sort + DP + BS,
Day 116,15 Oct 2026,Dynamic Programming,104,CSES: Two Sets II,CSES,Medium,Knapsack mod,
Day 117,16 Oct 2026,Dynamic Programming,105,CF: Knapsack,CF,Medium,Knapsack variant,
Day 117,16 Oct 2026,Dynamic Programming,106,CF: Codeforces DP Problems #1,CF,Medium,LIS variant,
Day 117,16 Oct 2026,Dynamic Programming,107,CF: Longest Increasing Subsequence,CF,Medium,LIS + counting,
Day 117,16 Oct 2026,Dynamic Programming,108,CF: Palindrome DP,CF,Hard,Palindrome DP,
Day 117,16 Oct 2026,Dynamic Programming,109,CF: Counting Palindromes,CF,Hard,DP on strings,
Day 118,17 Oct 2026,Dynamic Programming,110,CF: Prefix DP,CF,Hard,DP states,
Day 118,17 Oct 2026,Dynamic Programming,111,CF: Counting DP,CF,Medium,Counting DP,
Day 118,17 Oct 2026,Dynamic Programming,112,CF: Subsequence counting,CF,Medium,DP subsequence,
Day 118,17 Oct 2026,Dynamic Programming,113,LC: Strange Printer II,LeetCode,Hard,Topological + DP,
Day 118,17 Oct 2026,Dynamic Programming,114,LC: Number of Ways to Form a Target String Given a Dictionary,LeetCode,Hard,2D DP,
Day 119,18 Oct 2026,Dynamic Programming,115,LC: Count All Valid Pickup and Delivery Options,LeetCode,Hard,Combinatorics DP,
Day 119,18 Oct 2026,Dynamic Programming,116,LC: Maximum Value of K Coins from Piles,LeetCode,Hard,Knapsack DP,
Day 119,18 Oct 2026,Dynamic Programming,117,LC: Number of Music Playlists,LeetCode,Hard,DP with constraint,
Day 119,18 Oct 2026,Dynamic Programming,118,LC: Paint Houses (Hard Variant),LeetCode,Hard,DP 0/1 variant,
Day 119,18 Oct 2026,Dynamic Programming,119,LC: Longest Increasing Path in Matrix,LeetCode,Hard,DP on DAG (memoized DFS),
Day 119,18 Oct 2026,Dynamic Programming,120,LC: Count Different Palindromic Subsequences,LeetCode,Hard,Interval DP,
